job,company,city,salary,welfare,exp,edu,job_num,job_url,company_url
Java中级开发工程师,北京筑业志远软件开发有限公司,北京-海淀区,1.2-1.8万/月,五险一金 全勤奖 节日福利 交通补贴 餐饮补贴 绩效奖金 专业培训 加班补贴 做五休二,3-4年经验,本科,招2人,https://jobs.51job.com/beijing-hdq/123522190.html?s=sou_sou_soulb&t=0,https://jobs.51job.com/all/co5473698.html
Java开发工程师,深圳易宝软件有限公司,深圳-南山区,1.5-2万/月,五险一金 补充医疗保险 免费班车 专业培训 绩效奖金 年终奖金 弹性工作 定期体检,3-4年经验,大专,招若干人,https://jobs.51job.com/shenzhen-nsq/131875507.html?s=sou_sou_soulb&t=0,https://jobs.51job.com/all/co5354293.html
Java开发工程师,西安未来国际信息股份有限公司,北京-朝阳区,1-1.5万/月,五险一金 交通补贴 餐饮补贴 通讯补贴 股票期权,3-4年经验,本科,招1人,https://jobs.51job.com/beijing-cyq/131875456.html?s=sou_sou_soulb&t=0,https://jobs.51job.com/all/co124783.html
Java开发工程师,深圳前海零点信息技术有限公司,佛山-顺德区,1-1.1万/月,,2年经验,本科,招5人,https://jobs.51job.com/foshan-sdq/131875174.html?s=sou_sou_soulb&t=0,https://jobs.51job.com/all/coUjIGZwBnUWoFZAJkBWU.html
Java高级开发工程师,上海渔夫卡卡信息技术有限公司,上海-徐汇区,1.5-3万/月,五险一金 年终奖金 绩效奖金 定期体检 专业培训 股票期权,3-4年经验,大专,招9人,https://jobs.51job.com/shanghai-xhq/131875199.html?s=sou_sou_soulb&t=0,https://jobs.51job.com/all/co6049865.html
Java开发（IOT平台）,久瓴（上海）智能科技有限公司常州分公司,上海-徐汇区,1.5-2万/月,五险一金 餐饮补贴 年终奖金 专业培训,3-4年经验,本科,招1人,https://jobs.51job.com/shanghai-xhq/131875156.html?s=sou_sou_soulb&t=0,https://jobs.51job.com/all/co5407993.html
Java开发工程师,上海钢之家信息科技有限公司,马鞍山,6-8千/月,五险一金 绩效奖金 员工旅游 餐饮补贴 年终奖金 周末双休,无需经验,本科,招2人,https://jobs.51job.com/maanshan/131872141.html?s=sou_sou_soulb&t=0,https://jobs.51job.com/all/co608214.html
Java开发工程师(中级),广州尚捷智慧云网络科技有限公司,广州-番禺区,0.8-1万/月,,2年经验,大专,招4人,https://jobs.51job.com/guangzhou-pyq/129755719.html?s=sou_sou_soulb&t=0,https://jobs.51job.com/all/co6388958.html
Java开发工程师,上海厚萌文化传媒有限公司,上海-浦东新区,1-1.5万/月,,3-4年经验,本科,招5人,https://jobs.51job.com/shanghai-pdxq/129955818.html?s=sou_sou_soulb&t=0,https://jobs.51job.com/all/co6311745.html
JAVA开发主管（体检）,北京天健源达科技股份有限公司,武汉,0.8-1.5万/月,五险一金 员工旅游 餐饮补贴 通讯补贴,5-7年经验,本科,招5人,https://jobs.51job.com/wuhan/126877843.html?s=sou_sou_soulb&t=0,https://jobs.51job.com/all/co2742318.html
Java 开发,汉堂软件工程（上海）有限公司,杭州-余杭区,1.2-2万/月,五险一金 补充医疗保险 免费班车 定期体检 做五休二 带薪年假 绩效奖金 年终奖金,3-4年经验,大专,招3人,https://jobs.51job.com/hangzhou-yhq/131875040.html?s=sou_sou_soulb&t=0,https://jobs.51job.com/all/co3501848.html
Java高级开发工程师,慢钱科技控股集团有限公司,深圳,2.5-3万/月,五险一金 交通补贴 餐饮补贴 股票期权 节日福利 每日下午茶,3-4年经验,本科,招1人,https://jobs.51job.com/shenzhen/130446377.html?s=sou_sou_soulb&t=0,https://jobs.51job.com/all/co3480225.html
java开发工程师（15k-21k）,大都会集团,深圳-南山区,1.6-2.1万/月,做五休二 带薪年假 五险一金 绩效奖金 全勤奖 免费班车 专业培训 节日福利 周末双休 每年多次调薪,3-4年经验,大专,招2人,https://jobs.51job.com/shenzhen-nsq/128584125.html?s=sou_sou_soulb&t=0,https://jobs.51job.com/all/co5909815.html
Java开发工程师,广州劲源科技发展股份有限公司,广州,0.7-1.5万/月,五险一金 定期体检 绩效奖金 年终奖金 周末双休,1年经验,本科,招若干人,https://jobs.51job.com/guangzhou/118067420.html?s=sou_sou_soulb&t=0,https://jobs.51job.com/all/co338965.html
Java开发工程师,颐家（广东）医疗养老有限公司,广州-越秀区,1-1.5万/月,周末双休 五险一金 带薪年假 节日福利 专业培训 员工旅游,2年经验,大专,招1人,https://jobs.51job.com/guangzhou-yxq/131711523.html?s=sou_sou_soulb&t=0,https://jobs.51job.com/all/co5133936.html
Java工程师,深圳市大浩电子商务有限公司,深圳-龙岗区,1.2-2万/月,五险一金 绩效奖金 年终奖金 股票期权 专业培训 员工旅游 大小周 通讯补贴 餐饮补贴 交通补贴,3-4年经验,本科,招1人,https://jobs.51job.com/shenzhen-lgq/117894595.html?s=sou_sou_soulb&t=0,https://jobs.51job.com/all/co4932657.html
Java软件工程师,珠海智通信息技术有限公司,珠海,0.6-1.2万/月,五险一金 年终奖金 股票期权 节日福利 带薪年假 周末双休 绩效奖金 员工旅游,2年经验,大专,招1人,https://jobs.51job.com/zhuhai/87383541.html?s=sou_sou_soulb&t=0,https://jobs.51job.com/all/co2958119.html
Java开发工程师,北京中瑞惠银国际保险经纪股份有限公司,北京-朝阳区,0.8-1万/月,周末双休 五险一金 住房补贴,2年经验,本科,招1人,https://jobs.51job.com/beijing-cyq/131874617.html?s=sou_sou_soulb&t=0,https://jobs.51job.com/all/co5868695.html
Java开发经理,深圳市易流科技股份有限公司,深圳,2.5-3.5万/月,五险一金 带薪年假 餐饮补贴 节日福利,8-9年经验,大专,招1人,https://jobs.51job.com/shenzhen/130461454.html?s=sou_sou_soulb&t=0,https://jobs.51job.com/all/co3320550.html
java游戏后端开发工程师,厦门大大猫网络科技有限公司,厦门,0.8-1.6万/月,五险一金 全勤奖 节日福利 绩效奖金 员工旅游 年终奖金,3-4年经验,大专,招2人,https://jobs.51job.com/xiamen/131874444.html?s=sou_sou_soulb&t=0,https://jobs.51job.com/all/co4653792.html
Java高级开发工程师,峙晟能源科技（上海）有限公司,上海-长宁区,1.8-3万/月,弹性工作 定期体检 年终奖金 周末双休 节日福利 五险一金 补充医疗保险 带薪年假,5-7年经验,本科,招若干人,https://jobs.51job.com/shanghai-cnq/131872742.html?s=sou_sou_soulb&t=0,https://jobs.51job.com/all/co4503989.html
Java高级开发工程师,上海凯融信息科技有限公司,上海-普陀区,1.3-2万/月,五险一金 员工旅游 年终奖金 定期体检,3-4年经验,本科,招3人,https://jobs.51job.com/shanghai-ptq/87343431.html?s=sou_sou_soulb&t=0,https://jobs.51job.com/all/co2082998.html
软件开发工程师（Java）,上海赋拓物联网技术有限公司,上海-宝山区,1.2-2万/月,专业培训 五险一金 带薪年假 定期体检 项目奖励 员工旅游 团建活动 晋升,2年经验,本科,招1人,https://jobs.51job.com/shanghai-bsq/130842988.html?s=sou_sou_soulb&t=0,https://jobs.51job.com/all/co5020488.html
Java,杭州链清科技有限公司,杭州-拱墅区,1.2-2万/月,,3-4年经验,大专,招2人,https://jobs.51job.com/hangzhou-gsq/129221792.html?s=sou_sou_soulb&t=0,https://jobs.51job.com/all/co6349964.html
中级JAVA开发工程师,上海睿泰企业管理集团有限公司,无锡,0.8-1.2万/月,定期体检 节日礼品 周末双休 五险一金 绩效奖金,2年经验,大专,招1人,https://jobs.51job.com/wuxi/104800222.html?s=sou_sou_soulb&t=0,https://jobs.51job.com/all/co2737450.html
Java开发工程师+包吃3餐,深圳市德科信息技术有限公司,广州-天河区,0.9-1.3万/月,团建活动 员工旅游 专业培训 六险一金 周末双休 年终奖金 包三餐,2年经验,本科,招3人,https://jobs.51job.com/guangzhou-thq/131874171.html?s=sou_sou_soulb&t=0,https://jobs.51job.com/all/co3133436.html
Java开发工程师,成都六玥海棠网络科技有限公司,成都-高新区,1-1.5万/月,五险一金 绩效奖金 年终奖金 通讯补贴 弹性工作 员工旅游 定期体检 专业培训,2年经验,大专,招2人,https://jobs.51job.com/chengdu-gxq/130802966.html?s=sou_sou_soulb&t=0,https://jobs.51job.com/all/coA2MHZwVgADsAYABkBmo.html
Java高级开发工程师,深圳市达士科技股份有限公司,深圳-南山区,1-2万/月,五险一金,无需经验,本科,招2人,https://jobs.51job.com/shenzhen-nsq/128182379.html?s=sou_sou_soulb&t=0,https://jobs.51job.com/all/co2053677.html
Java开发工程师,远孚物流集团有限公司,上海,1.4-2.4万/月,餐饮补贴 带薪年假 五险一金 专业培训 节日福利,3-4年经验,本科,招1人,https://jobs.51job.com/shanghai/130645610.html?s=sou_sou_soulb&t=0,https://jobs.51job.com/all/co3850114.html
Java开发工程师,上海第一医药股份有限公司,上海,12-15万/年,五险一金 绩效奖金 年终奖金 定期体检 工作餐 通讯补贴 专业培训,3-4年经验,本科,招1人,https://jobs.51job.com/shanghai/120441824.html?s=sou_sou_soulb&t=0,https://jobs.51job.com/all/co3112500.html
中高级java开发工程师,深华建设（深圳）股份有限公司,深圳-南山区,1.5-2.5万/月,五险一金 补充医疗保险 员工旅游 年终奖金 绩效奖金 专业培训 通讯补贴 定期体检,3-4年经验,本科,招2人,https://jobs.51job.com/shenzhen-nsq/127749214.html?s=sou_sou_soulb&t=0,https://jobs.51job.com/all/co3990421.html
JAVA开发工程师,广东百德朗科技有限公司,广州-黄埔区,0.7-1万/月,年终奖金 通讯补贴 弹性工作 节日福利 五险 员工旅游 绩效奖金 股票期权 交通补贴 专业培训,1年经验,大专,招1人,https://jobs.51job.com/guangzhou-hpq/129710008.html?s=sou_sou_soulb&t=0,https://jobs.51job.com/all/co4358929.html
L 对日java开发pg,大连必捷必信息技术有限公司,大连,6-8千/月,五险一金 交通补贴 定期体检 弹性工作 年终奖金 餐饮补贴,3-4年经验,大专,招若干人,https://jobs.51job.com/dalian/131873549.html?s=sou_sou_soulb&t=0,https://jobs.51job.com/all/co2130968.html
Java开发工程师,广州润微科技有限责任公司,广州,0.8-1万/月,五险一金 绩效奖金 带薪年假 包二餐 餐饮补贴 专业培训 定期体检,2年经验,大专,招1人,https://jobs.51job.com/guangzhou/131873381.html?s=sou_sou_soulb&t=0,https://jobs.51job.com/all/co2302804.html
Java开发工程师,上海允弈信息科技有限公司,上海-黄浦区,1-2万/月,五险一金,1年经验,本科,招10人,https://jobs.51job.com/shanghai-hpq/124269838.html?s=sou_sou_soulb&t=0,https://jobs.51job.com/all/co3733658.html
中级JAVA开发工程师-西安,上海易教科技股份有限公司,西安-雁塔区,1-1.5万/月,五险一金 员工旅游 餐饮补贴 绩效奖金 年终奖金,3-4年经验,本科,招若干人,https://jobs.51job.com/xian-ytq/128594745.html?s=sou_sou_soulb&t=0,https://jobs.51job.com/all/co2346401.html
Java高级开发工程师,广州八百方信息技术有限公司,广州,2-3万/月,周末双休 带薪年假 年度体检 员工旅游 绩效奖金 五险一金,5-7年经验,本科,招1人,https://jobs.51job.com/guangzhou/115763645.html?s=sou_sou_soulb&t=0,https://jobs.51job.com/all/co3142244.html
Java软件工程师,学府信息技术咨询（广州）有限公司,广州,1-1.5万/月,五险一金 员工旅游 补充医疗保险 专业培训 年终奖金 带薪年假,3-4年经验,大专,招5人,https://jobs.51job.com/guangzhou/66609378.html?s=sou_sou_soulb&t=0,https://jobs.51job.com/all/co2238477.html
Java开发工程师,深圳市擎旗信息技术有限公司,异地招聘,6-8千/月,五险一金 绩效奖金 周末双休 节日福利 生日福利 包住宿 弹性工作,2年经验,本科,招2人,https://jobs.51job.com/shanghai-xhq/131872375.html?s=sou_sou_soulb&t=0,https://jobs.51job.com/all/co3009063.html
Java高级开发工程师,广州千宸信息科技有限公司,广州-白云区,1.5-2万/月,五险一金 员工旅游 专业培训 定期体检 绩效奖金 年终奖金 周末双休,5-7年经验,本科,招3人,https://jobs.51job.com/guangzhou-byq/131281958.html?s=sou_sou_soulb&t=0,https://jobs.51job.com/all/co5455513.html
Java高级工程师,深圳市网新新思软件有限公司,深圳-福田区,1.5-2.5万/月,五险一金 免费班车 员工旅游 专业培训 绩效奖金 年终奖金 定期体检,5-7年经验,大专,招2人,https://jobs.51job.com/shenzhen-ftq/131872288.html?s=sou_sou_soulb&t=0,https://jobs.51job.com/all/co3749227.html
Java开发工程师,千巡科技（深圳）有限公司,深圳-宝安区,1.2-1.8万/月,五险一金 带薪年假 节日福利 专业培训,3-4年经验,本科,招1人,https://jobs.51job.com/shenzhen-baq/130241773.html?s=sou_sou_soulb&t=0,https://jobs.51job.com/all/co5279464.html
Java开发工程师,深圳市哈贝尔智能科技有限公司,深圳-南山区,0.8-1.5万/月,做五休二 五险一金 年终奖金 绩效奖金 员工旅游 交通补贴,2年经验,本科,招2人,https://jobs.51job.com/shenzhen-nsq/131846906.html?s=sou_sou_soulb&t=0,https://jobs.51job.com/all/co3861850.html
Java开发工程师,南京博联信息技术有限公司,南京-栖霞区,0.7-1.1万/月,五险一金 交通补贴 餐饮补贴 年终奖金 弹性工作 专业培训,2年经验,本科,招2人,https://jobs.51job.com/nanjing-qxq/130995094.html?s=sou_sou_soulb&t=0,https://jobs.51job.com/all/coA2NSMgVuU2kAYgFiVTg.html
Java开发工程师,佛山市众途人力资源有限公司,异地招聘,2.5-3万/月,六险一金 加班费 周末双休 弹性工作 绩效奖金,3-4年经验,大专,招若干人,https://jobs.51job.com/foshan-sdq/131844034.html?s=sou_sou_soulb&t=0,https://jobs.51job.com/all/co6417053.html
Java工程师,南京奥看信息科技有限公司,南京-雨花台区,1.2-2万/月,五险一金 节日福利 项目奖金,2年经验,本科,招5人,https://jobs.51job.com/nanjing-yhtq/131865816.html?s=sou_sou_soulb&t=0,https://jobs.51job.com/all/coCWlSMwdgUm4DYQFlXDo.html
Java开发工程师,上海海万信息科技股份有限公司,西安-碑林区,1-1.5万/月,,5-7年经验,大专,招5人,https://jobs.51job.com/xian-blq/131872112.html?s=sou_sou_soulb&t=0,https://jobs.51job.com/all/co2200692.html
Java开发工程师,广州黄家圣幸生物科技有限公司,广州,0.8-1万/月,五险一金 绩效奖金 专业培训 节日福利 年终奖金 员工旅游 定期体检,2年经验,大专,招2人,https://jobs.51job.com/guangzhou/109045952.html?s=sou_sou_soulb&t=0,https://jobs.51job.com/all/co5040663.html
JAVA开发工程师G00248,上海数慧系统技术有限公司,异地招聘,0.7-1万/月,五险一金 交通补贴 餐饮补贴 通讯补贴 专业培训 年终奖金 定期体检,1年经验,本科,招3人,https://jobs.51job.com/shanghai/131871879.html?s=sou_sou_soulb&t=0,https://jobs.51job.com/all/co255100.html
JAVA初中高级开发（统招本科学信网可查）,深圳华云信息系统有限公司,深圳-福田区,1.2-1.8万/月,,3-4年经验,本科,招50人,https://jobs.51job.com/shenzhen-ftq/131859991.html?s=sou_sou_soulb&t=0,https://jobs.51job.com/all/co2274018.html
41069-金融云JAVA高级研发工程师（重庆子公司）,深圳市腾讯计算机系统有限公司,重庆,,,3-4年经验,本科,招1人,https://jobs.51job.com/chongqing/131865191.html?s=sou_sou_soulb&t=0,https://jobs.51job.com/all/co123056.html
Java开发工程师（国内）,松下信息系統（上海）有限公司,无锡,0.8-1.2万/月,全额加班费 五险一金 补充医疗保险 员工旅游 出国机会 专业培训 交通补贴 定期体检 年终奖金 绩效奖金,3-4年经验,本科,招1人,https://jobs.51job.com/wuxi/131862335.html?s=sou_sou_soulb&t=0,https://jobs.51job.com/all/co3871738.html
Java开发工程师,绿城服务集团有限公司,杭州-西湖区,1-2万/月,周末双休 带薪年假 五险一金 节日福利 专业培训 交通补贴 高温补贴 通讯补贴 餐饮补贴 加班补贴,5-7年经验,本科,招1人,https://jobs.51job.com/hangzhou-xhq/131858711.html?s=sou_sou_soulb&t=0,https://jobs.51job.com/all/co5575004.html
菜鸟网络-高级JAVA开发工程师/专家-快递&消费者&溪鸟,阿里巴巴集团,杭州,,,3-4年经验,本科,招若干人,https://jobs.51job.com/hangzhou/131853781.html?s=sou_sou_soulb&t=0,https://jobs.51job.com/all/co1991749.html
Java服务器开发工程师,武汉掌游科技有限公司,武汉-洪山区,0.8-1.5万/月,五险一金 带薪年假 全勤奖 节日福利 餐饮补贴 加班补贴 员工旅游 定期体检 团队友爱 迅速成长,1年经验,本科,招2人,https://jobs.51job.com/wuhan-hsq/128664534.html?s=sou_sou_soulb&t=0,https://jobs.51job.com/all/co3299671.html
Java高级开发工程师-飞书费控/飞书合同/飞书审批,字节跳动,广州,2-3万/月,六险一金 晋升空间大 带薪休假 免费三餐 弹性工作 租房补贴,5-7年经验,本科,招20人,https://jobs.51job.com/guangzhou/131837254.html?s=sou_sou_soulb&t=0,https://jobs.51job.com/all/co2758227.html
Java高级开发工程师,上海韵达货运有限公司,上海-青浦区,1.8-3.5万/月,五险一金 工龄奖 业绩奖金 学历补贴 包吃包住,5-7年经验,本科,招2人,https://jobs.51job.com/shanghai-qpq/131864258.html?s=sou_sou_soulb&t=0,https://jobs.51job.com/all/co2661989.html
JAVA开发工程师（清结算系统）,杉德支付网络服务发展有限公司,上海-徐汇区,2-2.5万/月,周末双休 高温补贴 餐饮补贴 五险一金 绩效奖金 年终奖金 通讯补贴 定期体检 领导好 团队聚餐,5-7年经验,本科,招2人,https://jobs.51job.com/shanghai-xhq/131502836.html?s=sou_sou_soulb&t=0,https://jobs.51job.com/all/co2598882.html
JAVA/Python开发工程师,江苏富士通通信技术有限公司,苏州-高新区,0.6-1万/月,五险一金 补充医疗保险 员工旅游 餐饮补贴 绩效奖金 定期体检 交通补贴 提供住宿 年终奖金,2年经验,本科,招1人,https://jobs.51job.com/suzhou-gxq/102356370.html?s=sou_sou_soulb&t=0,https://jobs.51job.com/all/co2040161.html
Java中级开发工程师,TCL科技集团股份有限公司,异地招聘,1.3-1.8万/月,年底双薪 绩效奖金 五险一金 通讯补贴 交通补贴,3-4年经验,本科,招1人,https://jobs.51job.com/huizhou/131843121.html?s=sou_sou_soulb&t=0,https://jobs.51job.com/all/co151030.html
Java开发工程师,武汉佰钧成技术有限责任公司,南京,1.5-2万/月,补充医疗保险 定期体检 带薪年假 六险一金 12薪 周末双休 965,5-7年经验,本科,招若干人,https://jobs.51job.com/nanjing/131876817.html?s=sou_sou_soulb&t=0,https://jobs.51job.com/all/co2471571.html
JAVA开发工程师(007446),中信银行信用卡中心,深圳-福田区,2-2.5万/月,五险一金 餐饮补贴 年终奖金 定期体检 补充医疗保险,3-4年经验,本科,招1人,https://jobs.51job.com/shenzhen-ftq/131875939.html?s=sou_sou_soulb&t=0,https://jobs.51job.com/all/co566698.html
Java高级开发工程师,国药控股国大药房有限公司,上海-黄浦区,1-1.5万/月,五险一金 交通补贴 餐饮补贴 通讯补贴 绩效奖金 年终奖金 定期体检,3-4年经验,本科,招1人,https://jobs.51job.com/shanghai-hpq/110020689.html?s=sou_sou_soulb&t=0,https://jobs.51job.com/all/co2026339.html
Java开发工程师（星瀚供应链云）,金蝶软件（中国）有限公司,深圳-南山区,1.5-3万/月,五险一金 弹性工作 定期体检 员工旅游 专业培训 补充医疗保险 年终奖金,5-7年经验,本科,招5人,https://jobs.51job.com/shenzhen-nsq/131857453.html?s=sou_sou_soulb&t=0,https://jobs.51job.com/all/co100679.html
高级JAVA开发工程师 - 业务线,爱回收,上海-杨浦区,2.5-3.5万/月,五险一金 专业培训 年终奖金 扁平管理 休闲餐点 发展空间,5-7年经验,本科,招若干人,https://jobs.51job.com/shanghai-ypq/131244796.html?s=sou_sou_soulb&t=0,https://jobs.51job.com/all/co2515005.html
JAVA开发岗-ERP方向（上海）(J10633),银联商务股份有限公司,上海,2.5-3万/月,五险一金 补充医疗保险 补充公积金 绩效奖金 定期体检,3-4年经验,本科,招1人,https://jobs.51job.com/shanghai/131854201.html?s=sou_sou_soulb&t=0,https://jobs.51job.com/all/co2150127.html
Java开发工程师,深圳市紫金支点技术股份有限公司,石家庄-裕华区,0.7-1万/月,五险一金 餐饮补贴 通讯补贴 定期体检 专业培训 补充医疗保险 年终奖金 绩效奖金 股票期权,1年经验,本科,招2人,https://jobs.51job.com/shijiazhuang-yhq/131851621.html?s=sou_sou_soulb&t=0,https://jobs.51job.com/all/co2579955.html
Java高级开发工程师-L,天地华宇集团,上海-青浦区,1.5-2万/月,带薪年假 绩效奖金 节日福利 提供食宿 免费班车 做五休二 包吃 包三餐 包住宿,3-4年经验,大专,招1人,https://jobs.51job.com/shanghai-qpq/102745398.html?s=sou_sou_soulb&t=0,https://jobs.51job.com/all/co4837168.html
JAVA开发工程师,银联商务股份有限公司江西分公司,南昌,0.6-1万/月,五险一金 补充医疗保险 餐饮补贴 绩效奖金 年终奖金 企业年金,3-4年经验,本科,招2人,https://jobs.51job.com/nanchang/117755304.html?s=sou_sou_soulb&t=0,https://jobs.51job.com/all/co2172585.html
Java工程师,吉林爱信诺航天信息有限公司,长春-经济技术开发区,0.6-1.2万/月,五险一金 全勤奖 交通补贴 带薪年假 免费午餐 补充医疗保险 节日福利 周末双休 生日劵 国企单位,2年经验,大专,招4人,https://jobs.51job.com/changchun-jjjs/129019336.html?s=sou_sou_soulb&t=0,https://jobs.51job.com/all/co3818527.html
Java高级开发工程师,浙江航天信息有限公司,杭州,1-2万/月,带薪年假 五险一金 绩效奖金 节日福利 加班补贴 通讯补贴 高温补贴 专业培训,3-4年经验,本科,招2人,https://jobs.51job.com/hangzhou/125666592.html?s=sou_sou_soulb&t=0,https://jobs.51job.com/all/co2513433.html
java开发,青岛市乐天网络技术有限责任公司,青岛-市南区,4.5-6千/月,,2年经验,大专,招2人,https://jobs.51job.com/qingdao-snq/131877213.html?s=sou_sou_soulb&t=0,https://jobs.51job.com/all/co3335818.html
Java高级开发工程师,上海网达软件股份有限公司,上海-虹口区,1-2.5万/月,,5-7年经验,本科,招2人,https://jobs.51job.com/shanghai-hkq/130382254.html?s=sou_sou_soulb&t=0,https://jobs.51job.com/all/co2318076.html
Java开发岗,湖南财信数字科技有限公司,长沙-天心区,,,8-9年经验,本科,招25人,https://jobs.51job.com/changsha-txq/130923228.html?s=sou_sou_soulb&t=0,https://jobs.51job.com/all/coBWVVNQdsBDoGY1A6Ujc.html
Java开发工程师,上海翼得营销策划有限公司,上海,1.5-2万/月,五险一金 绩效奖金 专业培训 定期体检 补充医疗保险 员工旅游 餐饮补贴 通讯补贴 年终奖金,3-4年经验,本科,招1人,https://jobs.51job.com/shanghai/128803010.html?s=sou_sou_soulb&t=0,https://jobs.51job.com/all/co2562076.html
Java高级开发工程师,易雪儿科技（武汉）有限公司,武汉-硚口区,0.8-1.5万/月,,2年经验,本科,招5人,https://jobs.51job.com/wuhan-qkq/131874071.html?s=sou_sou_soulb&t=0,https://jobs.51job.com/all/coA2MCY1I1ATsGYFQxVjo.html
中级java开发工程师(XYWB),杭州珍林网络技术有限公司,杭州-余杭区,1-1.3万/月,员工旅游 餐饮补贴 专业培训 绩效奖金 弹性工作 定期体检 节日福利 五险一金 年终奖金,2年经验,大专,招3人,https://jobs.51job.com/hangzhou-yhq/129358713.html?s=sou_sou_soulb&t=0,https://jobs.51job.com/all/co3613470.html
Java开发工程师,哈思曼家居（深圳）有限公司,深圳-南山区,5.5-9千/月,五险一金 员工旅游 交通补贴 餐饮补贴 绩效奖金 年终奖金 弹性工作 定期体检,1年经验,大专,招2人,https://jobs.51job.com/shenzhen-nsq/130086739.html?s=sou_sou_soulb&t=0,https://jobs.51job.com/all/co6416829.html
Java开发工程师,深圳丰速科技有限公司,深圳-宝安区,0.8-1.6万/月,五险一金 交通补贴 餐饮补贴 通讯补贴 专业培训 绩效奖金 年终奖金 弹性工作 定期体检,3-4年经验,本科,招3人,https://jobs.51job.com/shenzhen-baq/107332880.html?s=sou_sou_soulb&t=0,https://jobs.51job.com/all/co5240528.html
Java初级开发工程师（芙蓉广场）,湖南新航动力信息科技有限公司,长沙-芙蓉区,6-8千/月,五险一金 交通补贴 年终奖金 周末双休,2年经验,中专,招5人,https://jobs.51job.com/changsha-frq/131876874.html?s=sou_sou_soulb&t=0,https://jobs.51job.com/all/co3758521.html
应用软件开发工程师（高级Java开发工程师）(J10523),北京四方继保自动化股份有限公司,北京-海淀区,2-3万/月,年终奖金 定期体检 周末双休 八险一金 带薪年假 综合补助 过节福利 通讯补贴,5-7年经验,硕士,招1人,https://jobs.51job.com/beijing-hdq/131876730.html?s=sou_sou_soulb&t=0,https://jobs.51job.com/all/co758955.html
Java中级开发工程师,南京睿翊腾信息技术有限公司,南京-秦淮区,0.9-1.3万/月,五险一金 绩效奖金,3-4年经验,大专,招3人,https://jobs.51job.com/nanjing-qhq/122681022.html?s=sou_sou_soulb&t=0,https://jobs.51job.com/all/co2716738.html
java服务端程序（3年经验）,上海姚际信息科技有限公司,上海-徐汇区,1.5-3万/月,五险一金 员工旅游 定期体检 年终奖金 全勤奖 工作餐 带薪年假 小蜜蜂奖 生日福利 节假日福利,3-4年经验,大专,招2人,https://jobs.51job.com/shanghai-xhq/111851795.html?s=sou_sou_soulb&t=0,https://jobs.51job.com/all/co4966010.html
Java开发工程师,深圳爱递医药科技有限公司,深圳-南山区,1-1.5万/月,,3-4年经验,大专,招若干人,https://jobs.51job.com/shenzhen-nsq/131126903.html?s=sou_sou_soulb&t=0,https://jobs.51job.com/all/co5579384.html
JAVA工程师 (MJ000896),傲基科技股份有限公司,深圳-龙岗区,1.5-2万/月,五险一金 交通补贴 绩效奖金 弹性工作 住宿 加班餐,2年经验,大专,招7人,https://jobs.51job.com/shenzhen-lgq/131593539.html?s=sou_sou_soulb&t=0,https://jobs.51job.com/all/co2847020.html
Java高级开发工程师,广东利元亨智能装备股份有限公司,深圳-南山区,1.5-2万/月,五险一金 弹性工作 股票期权 绩效奖金 专业培训 员工旅游,3-4年经验,本科,招5人,https://jobs.51job.com/shenzhen-nsq/131865214.html?s=sou_sou_soulb&t=0,https://jobs.51job.com/all/coAWFUNVIyDzcBYVM3VzQ.html
Java高级软件工程师,广州市睿志信息科技有限公司,佛山-南海区,0.8-1万/月,,3-4年经验,本科,招4人,https://jobs.51job.com/foshan-nhq/111267298.html?s=sou_sou_soulb&t=0,https://jobs.51job.com/all/co2833094.html
Java开发工程师,上海科领软件技术有限公司,上海-徐汇区,0.8-1.2万/月,五险一金 员工旅游 餐饮补贴 年终奖金,2年经验,大专,招若干人,https://jobs.51job.com/shanghai-xhq/119740362.html?s=sou_sou_soulb&t=0,https://jobs.51job.com/all/co2961462.html
Java开发工程师,河南快客金融服务有限公司,郑州-郑东新区,1-1.5万/月,法定节假日 周末双休 做五休二 五险一金 通讯补贴 专业培训 年终奖金 定期体检,2年经验,本科,招2人,https://jobs.51job.com/zhengzhou-zzxq/115041430.html?s=sou_sou_soulb&t=0,https://jobs.51job.com/all/co2571221.html
Java初级/高级工程师,成都知达沃思科技有限公司,异地招聘,1.5-3万/月,,3-4年经验,本科,招若干人,https://jobs.51job.com/beijing-hdq/131876375.html?s=sou_sou_soulb&t=0,https://jobs.51job.com/all/co2539924.html
Java开发工程师,武汉亿量科技有限公司,武汉,1-1.5万/月,弹性工作 五险一金 带薪年假 绩效奖金 节日福利 员工旅游 单双休,3-4年经验,大专,招若干人,https://jobs.51job.com/wuhan/130952897.html?s=sou_sou_soulb&t=0,https://jobs.51job.com/all/co5950280.html
Java工程师,维世致新（上海）智能技术有限公司,上海-浦东新区,1.5-2.5万/月,做五休二 周末双休 带薪年假 五险一金 绩效奖金 节日福利 定期体检,3-4年经验,本科,招若干人,https://jobs.51job.com/shanghai-pdxq/131599588.html?s=sou_sou_soulb&t=0,https://jobs.51job.com/all/coA2MHZwVvAjkOb1EzUTM.html
Java高级开发工程师,创度软件科技（上海）有限公司,上海-闵行区,1.5-2万/月,五险一金 员工旅游 通讯补贴 餐饮补贴 年终奖金 交通补贴 加班补贴 专业培训 绩效奖金,5-7年经验,本科,招2人,https://jobs.51job.com/shanghai-mhq/131872676.html?s=sou_sou_soulb&t=0,https://jobs.51job.com/all/co2943679.html
JAVA开发工程师（企业运维） (MJ001799),广州市钱大妈农产品有限公司,广州-海珠区,1.5-3万/月,,3-4年经验,本科,招1人,https://jobs.51job.com/guangzhou-hzq/131855906.html?s=sou_sou_soulb&t=0,https://jobs.51job.com/all/co5840843.html
Java中级开发工程师,上海通天晓信息技术有限公司,上海-普陀区,1.5-2万/月,五险一金 补充医疗保险 员工旅游 出国机会 通讯补贴 定期体检 做五休二 带薪年假 出差补贴 节日福利,3-4年经验,大专,招1人,https://jobs.51job.com/shanghai-ptq/123977018.html?s=sou_sou_soulb&t=0,https://jobs.51job.com/all/co2709332.html
JAVA开发工程师,同方股份有限公司,北京-海淀区,1.4-2.3万/月,五险一金 补充医疗保险 餐饮补贴 通讯补贴 专业培训 定期体检 绩效奖金,3-4年经验,本科,招1人,https://jobs.51job.com/beijing-hdq/124029774.html?s=sou_sou_soulb&t=0,https://jobs.51job.com/all/co111511.html
初级Java开发/助理（入职五险）,郑州大宇智慧网络科技有限公司,郑州-金水区,4.5-6千/月,做五休二 五险一金 绩效奖金 节日福利 通讯补贴,无需经验,大专,招5人,https://jobs.51job.com/jinshuiqu/130784731.html?s=sou_sou_soulb&t=0,https://jobs.51job.com/all/coCWldPQVgBTwFYARjBWY.html
Java开发工程师,广州万视智能科技有限责任公司,广州-白云区,1.2-1.8万/月,五险一金 员工旅游 弹性工作 绩效奖金,5-7年经验,本科,招2人,https://jobs.51job.com/guangzhou-byq/131858011.html?s=sou_sou_soulb&t=0,https://jobs.51job.com/all/co5755110.html
Java后端开发工程师,南京金龙客车制造有限公司,南京-江宁区,1-1.5万/月,五险一金 免费班车 餐饮补贴 通讯补贴 包住宿 定期体检,3-4年经验,本科,招1人,https://jobs.51job.com/nanjing-jnq/116680047.html?s=sou_sou_soulb&t=0,https://jobs.51job.com/all/co2711185.html

